Accession,Age
GSM2171880,21
GSM2171881,21
GSM2171882,21
GSM2171883,21
GSM2171884,21
GSM2171885,21
GSM2171886,21
GSM2171887,21
GSM2171888,21
GSM2171889,21
GSM2171890,21
GSM2171891,21
GSM2171892,21
GSM2171893,21
GSM2171894,21
GSM2171895,21
GSM2171896,21
GSM2171897,21
GSM2171898,21
GSM2171899,21
GSM2171900,21
GSM2171901,21
GSM2171902,21
GSM2171903,21
GSM2171904,21
GSM2171905,21
GSM2171906,21
GSM2171907,21
GSM2171908,21
GSM2171909,21
GSM2171910,21
GSM2171911,21
GSM2171912,21
GSM2171913,21
GSM2171914,21
GSM2171915,21
GSM2171916,21
GSM2171917,21
GSM2171918,21
GSM2171919,21
GSM2171920,21
GSM2171921,21
GSM2171922,21
GSM2171923,21
GSM2171924,21
GSM2171925,21
GSM2171926,21
GSM2171927,21
GSM2171928,21
GSM2171929,21
GSM2171930,21
GSM2171931,21
GSM2171932,21
GSM2171933,21
GSM2171934,21
GSM2171935,21
GSM2171936,21
GSM2171937,21
GSM2171938,21
GSM2171939,21
GSM2171940,21
GSM2171941,21
GSM2171942,21
GSM2171943,21
GSM2171944,21
GSM2171945,21
GSM2171946,21
GSM2171947,21
GSM2171948,21
GSM2171949,21
GSM2171950,21
GSM2171951,21
GSM2171952,21
GSM2171953,21
GSM2171954,21
GSM2171955,21
GSM2171956,21
GSM2171957,21
GSM2171958,21
GSM2171959,21
GSM2171960,21
GSM2171961,21
GSM2171962,21
GSM2171963,21
GSM2171964,21
GSM2171965,21
GSM2171966,21
GSM2171967,21
GSM2171968,21
GSM2171969,21
GSM2171970,21
GSM2171971,21
GSM2171972,21
GSM2171973,21
GSM2171974,21
GSM2171975,21
GSM2171976,21
GSM2171977,21
GSM2171978,21
GSM2171979,21
GSM2171980,21
GSM2171981,21
GSM2171982,21
GSM2171983,21
GSM2171984,21
GSM2171985,21
GSM2171986,21
GSM2171987,21
GSM2171988,21
GSM2171989,21
GSM2171990,21
GSM2171991,21
GSM2171992,21
GSM2171993,21
GSM2171994,21
GSM2171995,21
GSM2171996,21
GSM2171997,21
GSM2171998,21
GSM2171999,21
GSM2172000,21
GSM2172001,21
GSM2172002,21
GSM2172003,21
GSM2172004,21
GSM2172005,21
GSM2172006,21
GSM2172007,21
GSM2172008,21
GSM2172009,21
GSM2172010,21
GSM2172011,21
GSM2172012,21
GSM2172013,21
GSM2172014,21
GSM2172015,21
GSM2172016,21
GSM2172017,21
GSM2172018,21
GSM2172019,21
GSM2172020,21
GSM2172021,21
GSM2172022,21
GSM2172023,21
GSM2172024,21
GSM2172025,21
GSM2172026,21
GSM2172027,21
GSM2172028,21
GSM2172029,21
GSM2172030,21
GSM2172031,21
GSM2172032,21
GSM2172033,21
GSM2172034,21
GSM2172035,21
GSM2172036,21
GSM2172037,21
GSM2172038,21
GSM2172039,21
GSM2172040,21
GSM2172041,21
GSM2172042,21
GSM2172043,21
GSM2172044,21
GSM2172045,21
GSM2172046,21
GSM2172047,21
GSM2172048,21
GSM2172049,21
GSM2172050,21
GSM2172051,21
GSM2172052,21
GSM2172053,21
GSM2172054,21
GSM2172055,21
GSM2172056,21
GSM2172057,21
GSM2172058,21
GSM2172059,21
GSM2172060,21
GSM2172061,21
GSM2172062,21
GSM2172063,21
GSM2172064,21
GSM2172065,21
GSM2172066,21
GSM2172067,21
GSM2172068,21
GSM2172069,21
GSM2172070,21
GSM2172071,21
GSM2172072,21
GSM2172073,21
GSM2172074,21
GSM2172075,21
GSM2172076,21
GSM2172077,21
GSM2172078,21
GSM2172079,21
GSM2172080,21
GSM2172081,21
GSM2172082,21
GSM2172083,21
GSM2172084,21
GSM2172085,21
GSM2172086,21
GSM2172087,21
GSM2172088,21
GSM2172089,21
GSM2172090,21
GSM2172091,21
GSM2172092,21
GSM2172093,21
GSM2172094,21
GSM2172095,21
GSM2172096,21
GSM2172097,21
GSM2172098,21
GSM2172099,21
GSM2172100,21
GSM2172101,21
GSM2172102,21
GSM2172103,21
GSM2172104,21
GSM2172105,21
GSM2172106,21
GSM2172107,21
GSM2172108,21
GSM2172109,21
GSM2172110,21
GSM2172111,21
GSM2172112,21
GSM2172113,21
GSM2172114,21
GSM2172115,21
GSM2172116,21
GSM2172117,21
GSM2172118,21
GSM2172119,21
GSM2172120,21
GSM2172121,21
GSM2172122,21
GSM2172123,21
GSM2172124,21
GSM2172125,21
GSM2172126,21
GSM2172127,21
GSM2172128,21
GSM2172129,21
GSM2172130,21
GSM2172131,21
GSM2172132,21
GSM2172133,21
GSM2172134,21
GSM2172135,21
GSM2172136,21
GSM2172137,21
GSM2172138,21
GSM2172139,21
GSM2172140,21
GSM2172141,21
GSM2172142,21
GSM2172143,21
GSM2172144,21
GSM2172145,21
GSM2172146,21
GSM2172147,21
GSM2172148,21
GSM2172149,21
GSM2172150,21
GSM2172151,21
GSM2172152,21
GSM2172153,21
GSM2172154,21
GSM2172155,21
GSM2172156,21
GSM2172157,21
GSM2172158,21
GSM2172159,21
GSM2172160,21
GSM2172161,21
GSM2172162,21
GSM2172163,21
GSM2172164,21
GSM2172165,21
GSM2172166,21
GSM2172167,21
GSM2172168,21
GSM2172169,21
GSM2172170,21
GSM2172171,21
GSM2172172,21
GSM2172173,21
GSM2172174,21
GSM2172175,21
GSM2172176,21
GSM2172177,21
GSM2172178,21
GSM2172179,21
GSM2172180,21
GSM2172181,21
GSM2172182,21
GSM2172183,21
GSM2172184,21
GSM2172185,21
GSM2172186,21
GSM2172187,21
GSM2172188,21
GSM2172189,21
GSM2172190,21
GSM2172191,21
GSM2172192,21
GSM2172193,21
GSM2172194,21
GSM2172195,21
GSM2172196,21
GSM2172197,21
GSM2172198,21
GSM2172199,21
GSM2172200,21
GSM2172201,21
GSM2172202,21
GSM2172203,21
GSM2172204,21
GSM2172205,21
GSM2172206,21
GSM2172207,21
GSM2172208,21
GSM2172209,21
GSM2172210,21
GSM2172211,21
GSM2172212,21
GSM2172213,21
GSM2172214,21
GSM2172215,21
GSM2172216,21
GSM2172217,21
GSM2172218,21
GSM2172219,21
GSM2172220,21
GSM2172221,21
GSM2172222,21
GSM2172223,21
GSM2172224,21
GSM2172225,21
GSM2172226,21
GSM2172227,21
GSM2172228,21
GSM2172229,21
GSM2172230,21
GSM2172231,21
GSM2172232,21
GSM2172233,21
GSM2172234,21
GSM2172235,21
GSM2172236,21
GSM2172237,21
GSM2172238,21
GSM2172239,21
GSM2172240,21
GSM2172241,21
GSM2172242,21
GSM2172243,21
GSM2172244,21
GSM2172245,21
GSM2172246,21
GSM2172247,21
GSM2172248,21
GSM2172249,21
GSM2172250,21
GSM2172251,21
GSM2172252,21
GSM2172253,21
GSM2172254,21
GSM2172255,21
GSM2172256,21
GSM2172257,21
GSM2172258,21
GSM2172259,21
GSM2172260,21
GSM2172261,21
GSM2172262,21
GSM2172263,21
GSM2172264,21
GSM2172265,21
GSM2172266,21
GSM2172267,21
GSM2172268,21
GSM2172269,21
GSM2172270,21
GSM2172271,21
GSM2172272,21
GSM2172273,21
GSM2172274,21
GSM2172275,21
GSM2172276,21
GSM2172277,21
GSM2172278,21
GSM2172279,21
GSM2172280,21
GSM2172281,21
GSM2172282,21
GSM2172283,21
GSM2172284,21
GSM2172285,21
GSM2172286,21
GSM2172287,21
GSM2172288,21
GSM2172289,21
GSM2172290,21
GSM2172291,21
GSM2172292,21
GSM2172293,21
GSM2172294,21
GSM2172295,21
GSM2172296,21
GSM2172297,21
GSM2172298,21
GSM2172299,21
GSM2172300,21
GSM2172301,21
GSM2172302,21
GSM2172303,21
GSM2172304,21
GSM2172305,21
GSM2172306,21
GSM2172307,21
GSM2172308,21
GSM2172309,21
GSM2172310,21
GSM2172311,21
GSM2172312,21
GSM2172313,21
GSM2172314,21
GSM2172315,21
GSM2172316,21
GSM2172317,21
GSM2172318,21
GSM2172319,21
GSM2172320,21
GSM2172321,21
GSM2172322,21
GSM2172323,21
GSM2172324,21
GSM2172325,21
GSM2172326,21
GSM2172327,21
GSM2172328,21
GSM2172329,21
GSM2172330,21
GSM2172331,21
GSM2172332,21
GSM2172333,21
GSM2172334,21
GSM2172335,21
GSM2172336,21
GSM2172337,21
GSM2172338,21
GSM2172339,21
GSM2172340,21
GSM2172341,21
GSM2172342,21
GSM2172343,21
GSM2172344,21
GSM2172345,21
GSM2172346,21
GSM2172347,21
GSM2172348,21
GSM2172349,21
GSM2172350,21
GSM2172351,21
GSM2172352,21
GSM2172353,21
GSM2172354,21
GSM2172355,21
GSM2172356,21
GSM2172357,21
GSM2172358,21
GSM2172359,21
GSM2172360,21
GSM2172361,21
GSM2172362,21
GSM2172363,21
GSM2172364,21
GSM2172365,21
GSM2172366,21
GSM2172367,21
GSM2172368,21
GSM2172369,21
GSM2172370,21
GSM2172371,21
GSM2172372,21
GSM2172373,21
GSM2172374,21
GSM2172375,21
GSM2172376,21
GSM2172377,21
GSM2172378,21
GSM2172379,21
GSM2172380,21
GSM2172381,21
GSM2172382,21
GSM2172383,21
GSM2172384,21
GSM2172385,38
GSM2172386,38
GSM2172387,38
GSM2172388,38
GSM2172389,38
GSM2172390,38
GSM2172391,38
GSM2172392,38
GSM2172393,38
GSM2172394,38
GSM2172395,38
GSM2172396,38
GSM2172397,38
GSM2172398,38
GSM2172399,38
GSM2172400,38
GSM2172401,38
GSM2172402,38
GSM2172403,38
GSM2172404,38
GSM2172405,38
GSM2172406,38
GSM2172407,38
GSM2172408,38
GSM2172409,38
GSM2172410,38
GSM2172411,38
GSM2172412,38
GSM2172413,38
GSM2172414,38
GSM2172415,38
GSM2172416,38
GSM2172417,38
GSM2172418,38
GSM2172419,38
GSM2172420,38
GSM2172421,38
GSM2172422,38
GSM2172423,38
GSM2172424,38
GSM2172425,38
GSM2172426,38
GSM2172427,38
GSM2172428,38
GSM2172429,38
GSM2172430,38
GSM2172431,38
GSM2172432,38
GSM2172433,38
GSM2172434,38
GSM2172435,38
GSM2172436,38
GSM2172437,38
GSM2172438,38
GSM2172439,38
GSM2172440,38
GSM2172441,38
GSM2172442,38
GSM2172443,38
GSM2172444,38
GSM2172445,38
GSM2172446,38
GSM2172447,38
GSM2172448,38
GSM2172449,38
GSM2172450,38
GSM2172451,38
GSM2172452,38
GSM2172453,38
GSM2172454,38
GSM2172455,38
GSM2172456,38
GSM2172457,38
GSM2172458,38
GSM2172459,38
GSM2172460,38
GSM2172461,38
GSM2172462,38
GSM2172463,38
GSM2172464,38
GSM2172465,38
GSM2172466,38
GSM2172467,38
GSM2172468,38
GSM2172469,38
GSM2172470,38
GSM2172471,38
GSM2172472,38
GSM2172473,38
GSM2172474,38
GSM2172475,38
GSM2172476,38
GSM2172477,38
GSM2172478,38
GSM2172479,38
GSM2172480,38
GSM2172481,38
GSM2172482,38
GSM2172483,38
GSM2172484,38
GSM2172485,38
GSM2172486,38
GSM2172487,38
GSM2172488,38
GSM2172489,38
GSM2172490,38
GSM2172491,38
GSM2172492,38
GSM2172493,38
GSM2172494,38
GSM2172495,38
GSM2172496,38
GSM2172497,38
GSM2172498,38
GSM2172499,38
GSM2172500,38
GSM2172501,38
GSM2172502,38
GSM2172503,38
GSM2172504,38
GSM2172505,38
GSM2172506,38
GSM2172507,38
GSM2172508,38
GSM2172509,38
GSM2172510,38
GSM2172511,38
GSM2172512,38
GSM2172513,38
GSM2172514,38
GSM2172515,38
GSM2172516,38
GSM2172517,38
GSM2172518,38
GSM2172519,38
GSM2172520,38
GSM2172521,38
GSM2172522,38
GSM2172523,38
GSM2172524,38
GSM2172525,38
GSM2172526,38
GSM2172527,38
GSM2172528,38
GSM2172529,38
GSM2172530,38
GSM2172531,38
GSM2172532,38
GSM2172533,38
GSM2172534,38
GSM2172535,38
GSM2172536,38
GSM2172537,38
GSM2172538,38
GSM2172539,38
GSM2172540,38
GSM2172541,38
GSM2172542,38
GSM2172543,38
GSM2172544,38
GSM2172545,38
GSM2172546,38
GSM2172547,38
GSM2172548,38
GSM2172549,38
GSM2172550,38
GSM2172551,38
GSM2172552,38
GSM2172553,38
GSM2172554,38
GSM2172555,38
GSM2172556,38
GSM2172557,38
GSM2172558,38
GSM2172559,38
GSM2172560,38
GSM2172561,38
GSM2172562,38
GSM2172563,38
GSM2172564,38
GSM2172565,38
GSM2172566,38
GSM2172567,38
GSM2172568,38
GSM2172569,38
GSM2172570,38
GSM2172571,38
GSM2172572,38
GSM2172573,38
GSM2172574,38
GSM2172575,38
GSM2172576,38
GSM2172577,38
GSM2172578,38
GSM2172579,38
GSM2172580,38
GSM2172581,38
GSM2172582,38
GSM2172583,38
GSM2172584,38
GSM2172585,38
GSM2172586,38
GSM2172587,38
GSM2172588,38
GSM2172589,38
GSM2172590,38
GSM2172591,38
GSM2172592,38
GSM2172593,38
GSM2172594,38
GSM2172595,38
GSM2172596,38
GSM2172597,38
GSM2172598,38
GSM2172599,38
GSM2172600,38
GSM2172601,38
GSM2172602,38
GSM2172603,38
GSM2172604,38
GSM2172605,38
GSM2172606,38
GSM2172607,38
GSM2172608,38
GSM2172609,38
GSM2172610,38
GSM2172611,38
GSM2172612,38
GSM2172613,38
GSM2172614,38
GSM2172615,38
GSM2172616,38
GSM2172617,38
GSM2172618,38
GSM2172619,38
GSM2172620,38
GSM2172621,38
GSM2172622,38
GSM2172623,38
GSM2172624,38
GSM2172625,38
GSM2172626,38
GSM2172627,38
GSM2172628,38
GSM2172629,38
GSM2172630,38
GSM2172631,38
GSM2172632,38
GSM2172633,38
GSM2172634,38
GSM2172635,38
GSM2172636,38
GSM2172637,38
GSM2172638,38
GSM2172639,38
GSM2172640,38
GSM2172641,38
GSM2172642,38
GSM2172643,38
GSM2172644,38
GSM2172645,38
GSM2172646,38
GSM2172647,38
GSM2172648,38
GSM2172649,38
GSM2172650,38
GSM2172651,38
GSM2172652,38
GSM2172653,38
GSM2172654,38
GSM2172655,38
GSM2172656,38
GSM2172657,38
GSM2172658,38
GSM2172659,38
GSM2172660,38
GSM2172661,38
GSM2172662,38
GSM2172663,38
GSM2172664,38
GSM2172665,38
GSM2172666,38
GSM2172667,38
GSM2172668,38
GSM2172669,38
GSM2172670,38
GSM2172671,38
GSM2172672,38
GSM2172673,38
GSM2172674,38
GSM2172675,38
GSM2172676,38
GSM2172677,38
GSM2172678,38
GSM2172679,38
GSM2172680,38
GSM2172681,38
GSM2172682,38
GSM2172683,38
GSM2172684,38
GSM2172685,38
GSM2172686,38
GSM2172687,38
GSM2172688,38
GSM2172689,38
GSM2172690,38
GSM2172691,38
GSM2172692,38
GSM2172693,38
GSM2172694,38
GSM2172695,38
GSM2172696,38
GSM2172697,38
GSM2172698,38
GSM2172699,38
GSM2172700,38
GSM2172701,38
GSM2172702,38
GSM2172703,38
GSM2172704,38
GSM2172705,38
GSM2172706,38
GSM2172707,38
GSM2172708,38
GSM2172709,38
GSM2172710,38
GSM2172711,38
GSM2172712,38
GSM2172713,38
GSM2172714,38
GSM2172715,38
GSM2172716,38
GSM2172717,38
GSM2172718,38
GSM2172719,38
GSM2172720,38
GSM2172721,38
GSM2172722,38
GSM2172723,38
GSM2172724,38
GSM2172725,38
GSM2172726,38
GSM2172727,38
GSM2172728,38
GSM2172729,38
GSM2172730,38
GSM2172731,38
GSM2172732,38
GSM2172733,38
GSM2172734,38
GSM2172735,38
GSM2172736,38
GSM2172737,38
GSM2172738,38
GSM2172739,38
GSM2172740,38
GSM2172741,38
GSM2172742,38
GSM2172743,38
GSM2172744,38
GSM2172745,38
GSM2172746,38
GSM2172747,38
GSM2172748,38
GSM2172749,38
GSM2172750,38
GSM2172751,38
GSM2172752,38
GSM2172753,38
GSM2172754,38
GSM2172755,38
GSM2172756,38
GSM2172757,38
GSM2172758,38
GSM2172759,38
GSM2172760,38
GSM2172761,38
GSM2172762,38
GSM2172763,38
GSM2172764,1
GSM2172765,1
GSM2172766,1
GSM2172767,1
GSM2172768,1
GSM2172769,1
GSM2172770,1
GSM2172771,1
GSM2172772,1
GSM2172773,1
GSM2172774,1
GSM2172775,1
GSM2172776,1
GSM2172777,1
GSM2172778,1
GSM2172779,1
GSM2172780,1
GSM2172781,1
GSM2172782,1
GSM2172783,1
GSM2172784,1
GSM2172785,1
GSM2172786,1
GSM2172787,1
GSM2172788,1
GSM2172789,1
GSM2172790,1
GSM2172791,1
GSM2172792,1
GSM2172793,1
GSM2172794,1
GSM2172795,1
GSM2172796,1
GSM2172797,1
GSM2172798,1
GSM2172799,1
GSM2172800,1
GSM2172801,1
GSM2172802,1
GSM2172803,1
GSM2172804,1
GSM2172805,1
GSM2172806,1
GSM2172807,1
GSM2172808,1
GSM2172809,1
GSM2172810,1
GSM2172811,1
GSM2172812,1
GSM2172813,1
GSM2172814,1
GSM2172815,1
GSM2172816,1
GSM2172817,1
GSM2172818,1
GSM2172819,1
GSM2172820,1
GSM2172821,38
GSM2172822,38
GSM2172823,38
GSM2172824,38
GSM2172825,38
GSM2172826,38
GSM2172827,38
GSM2172828,38
GSM2172829,38
GSM2172830,38
GSM2172831,38
GSM2172832,38
GSM2172833,38
GSM2172834,38
GSM2172835,38
GSM2172836,38
GSM2172837,38
GSM2172838,38
GSM2172839,38
GSM2172840,38
GSM2172841,38
GSM2172842,38
GSM2172843,38
GSM2172844,38
GSM2172845,38
GSM2172846,38
GSM2172847,38
GSM2172848,38
GSM2172849,38
GSM2172850,38
GSM2172851,38
GSM2172852,38
GSM2172853,38
GSM2172854,38
GSM2172855,38
GSM2172856,38
GSM2172857,38
GSM2172858,38
GSM2172859,38
GSM2172860,38
GSM2172861,38
GSM2172862,38
GSM2172863,38
GSM2172864,38
GSM2172865,38
GSM2172866,38
GSM2172867,38
GSM2172868,38
GSM2172869,38
GSM2172870,38
GSM2172871,38
GSM2172872,38
GSM2172873,38
GSM2172874,38
GSM2172875,38
GSM2172876,38
GSM2172877,38
GSM2172878,38
GSM2172879,38
GSM2172880,38
GSM2172881,38
GSM2172882,38
GSM2172883,38
GSM2172884,38
GSM2172885,38
GSM2172886,38
GSM2172887,38
GSM2172888,38
GSM2172889,38
GSM2172890,38
GSM2172891,38
GSM2172892,38
GSM2172893,38
GSM2172894,38
GSM2172895,38
GSM2172896,38
GSM2172897,38
GSM2172898,38
GSM2172899,38
GSM2172900,38
GSM2172901,38
GSM2172902,38
GSM2172903,38
GSM2172904,38
GSM2172905,38
GSM2172906,38
GSM2172907,38
GSM2172908,38
GSM2172909,38
GSM2172910,38
GSM2172911,38
GSM2172912,38
GSM2172913,38
GSM2172914,38
GSM2172915,38
GSM2172916,5
GSM2172917,5
GSM2172918,5
GSM2172919,5
GSM2172920,5
GSM2172921,5
GSM2172922,5
GSM2172923,5
GSM2172924,5
GSM2172925,5
GSM2172926,5
GSM2172927,5
GSM2172928,5
GSM2172929,44
GSM2172930,44
GSM2172931,5
GSM2172932,5
GSM2172933,44
GSM2172934,44
GSM2172935,44
GSM2172936,44
GSM2172937,5
GSM2172938,44
GSM2172939,5
GSM2172940,5
GSM2172941,5
GSM2172942,44
GSM2172943,44
GSM2172944,5
GSM2172945,5
GSM2172946,44
GSM2172947,44
GSM2172948,44
GSM2172949,5
GSM2172950,44
GSM2172951,5
GSM2172952,5
GSM2172953,5
GSM2172954,44
GSM2172955,44
GSM2172956,5
GSM2172957,5
GSM2172958,5
GSM2172959,5
GSM2172960,5
GSM2172961,5
GSM2172962,44
GSM2172963,44
GSM2172964,5
GSM2172965,5
GSM2172966,44
GSM2172967,5
GSM2172968,5
GSM2172969,5
GSM2172970,44
GSM2172971,5
GSM2172972,5
GSM2172973,44
GSM2172974,5
GSM2172975,44
GSM2172976,5
GSM2172977,44
GSM2172978,44
GSM2172979,5
GSM2172980,44
GSM2172981,44
GSM2172982,5
GSM2172983,44
GSM2172984,5
GSM2172985,44
GSM2172986,44
GSM2172987,5
GSM2172988,44
GSM2172989,5
GSM2172990,5
GSM2172991,5
GSM2172992,5
GSM2172993,5
GSM2172994,44
GSM2172995,5
GSM2172996,44
GSM2172997,44
GSM2172998,44
GSM2172999,5
GSM2173000,5
GSM2173001,44
GSM2173002,5
GSM2173003,5
GSM2173004,44
GSM2173005,5
GSM2173006,5
GSM2173007,5
GSM2173008,5
GSM2173009,44
GSM2173010,5
GSM2173011,44
GSM2173012,5
GSM2173013,44
GSM2173014,5
GSM2173015,5
GSM2173016,44
GSM2173017,44
GSM2173018,44
GSM2173019,5
GSM2173020,5
GSM2173021,5
GSM2173022,44
GSM2173023,5
GSM2173024,5
GSM2173025,5
GSM2173026,44
GSM2173027,5
GSM2173028,5
GSM2173029,5
GSM2173030,5
GSM2173031,5
GSM2173032,5
GSM2173033,5
GSM2173034,5
GSM2173035,5
GSM2173036,5
GSM2173037,5
GSM2173038,44
GSM2173039,5
GSM2173040,5
GSM2173041,5
GSM2173042,5
GSM2173043,44
GSM2173044,5
GSM2173045,5
GSM2173046,44
GSM2173047,5
GSM2173048,5
GSM2173049,5
GSM2173050,5
GSM2173051,5
GSM2173052,44
GSM2173053,5
GSM2173054,5
GSM2173055,44
GSM2173056,44
GSM2173057,5
GSM2173058,5
GSM2173059,5
GSM2173060,5
GSM2173061,5
GSM2173062,44
GSM2173063,44
GSM2173064,44
GSM2173065,5
GSM2173066,5
GSM2173067,5
GSM2173068,5
GSM2173069,5
GSM2173070,44
GSM2173071,5
GSM2173072,44
GSM2173073,44
GSM2173074,44
GSM2173075,44
GSM2173076,44
GSM2173077,44
GSM2173078,44
GSM2173079,44
GSM2173080,44
GSM2173081,44
GSM2173082,44
GSM2173083,44
GSM2173084,44
GSM2173085,44
GSM2173086,44
GSM2173087,44
GSM2173088,44
GSM2173089,44
GSM2173090,44
GSM2173091,44
GSM2173092,44
GSM2173093,44
GSM2173094,44
GSM2173095,44
GSM2173096,44
GSM2173097,44
GSM2173098,44
GSM2173099,44
GSM2173100,44
GSM2173101,44
GSM2173102,44
GSM2173103,44
GSM2173104,44
GSM2173105,44
GSM2173106,44
GSM2173107,44
GSM2173108,44
GSM2173109,44
GSM2173110,44
GSM2173111,44
GSM2173112,44
GSM2173113,44
GSM2173114,44
GSM2173115,44
GSM2173116,44
GSM2173117,44
GSM2173118,44
GSM2173119,44
GSM2173120,44
GSM2173121,44
GSM2173122,44
GSM2173123,44
GSM2173124,44
GSM2173125,44
GSM2173126,44
GSM2173127,44
GSM2173128,44
GSM2173129,44
GSM2173130,44
GSM2173131,44
GSM2173132,44
GSM2173133,44
GSM2173134,44
GSM2173135,44
GSM2173136,44
GSM2173137,44
GSM2173138,44
GSM2173139,44
GSM2173140,44
GSM2173141,44
GSM2173142,44
GSM2173143,44
GSM2173144,44
GSM2173145,44
GSM2173146,44
GSM2173147,44
GSM2173148,44
GSM2173149,44
GSM2173150,44
GSM2173151,44
GSM2173152,44
GSM2173153,6
GSM2173154,6
GSM2173155,6
GSM2173156,6
GSM2173157,6
GSM2173158,6
GSM2173159,6
GSM2173160,6
GSM2173161,6
GSM2173162,6
GSM2173163,6
GSM2173164,6
GSM2173165,6
GSM2173166,6
GSM2173167,6
GSM2173168,6
GSM2173169,6
GSM2173170,6
GSM2173171,6
GSM2173172,6
GSM2173173,6
GSM2173174,6
GSM2173175,6
GSM2173176,6
GSM2173177,6
GSM2173178,6
GSM2173179,6
GSM2173180,6
GSM2173181,6
GSM2173182,6
GSM2173183,6
GSM2173184,6
GSM2173185,6
GSM2173186,6
GSM2173187,6
GSM2173188,6
GSM2173189,6
GSM2173190,6
GSM2173191,6
GSM2173192,6
GSM2173193,6
GSM2173194,6
GSM2173195,6
GSM2173196,6
GSM2173197,6
GSM2173198,6
GSM2173199,6
GSM2173200,6
GSM2173201,6
GSM2173202,6
GSM2173203,6
GSM2173204,6
GSM2173205,6
GSM2173206,6
GSM2173207,6
GSM2173208,6
GSM2173209,6
GSM2173210,6
GSM2173211,6
GSM2173212,6
GSM2173213,6
GSM2173214,6
GSM2173215,6
GSM2173216,6
GSM2173217,6
GSM2173218,6
GSM2173219,6
GSM2173220,6
GSM2173221,6
GSM2173222,6
GSM2173223,6
GSM2173224,6
GSM2173225,6
GSM2173226,6
GSM2173227,6
GSM2173228,6
GSM2173229,6
GSM2173230,6
GSM2173231,6
GSM2173232,6
GSM2173233,6
GSM2173234,6
GSM2173235,6
GSM2173236,6
GSM2173237,6
GSM2173238,6
GSM2173239,6
GSM2173240,6
GSM2173241,6
GSM2173242,6
GSM2173243,6
GSM2173244,6
GSM2173245,6
GSM2173246,6
GSM2173247,6
GSM2173248,6
GSM2173249,6
GSM2173250,6
GSM2173251,6
GSM2173252,6
GSM2173253,6
GSM2173254,6
GSM2173255,6
GSM2173256,6
GSM2173257,6
GSM2173258,6
GSM2173259,6
GSM2173260,6
GSM2173261,6
GSM2173262,6
GSM2173263,6
GSM2173264,6
GSM2173265,6
GSM2173266,6
GSM2173267,6
GSM2173268,6
GSM2173269,6
GSM2173270,6
GSM2173271,6
GSM2173272,6
GSM2173273,6
GSM2173274,6
GSM2173275,6
GSM2173276,6
GSM2173277,6
GSM2173278,6
GSM2173279,6
GSM2173280,6
GSM2173281,6
GSM2173282,6
GSM2173283,6
GSM2173284,6
GSM2173285,6
GSM2173286,6
GSM2173287,6
GSM2173288,6
GSM2173289,6
GSM2173290,6
GSM2173291,6
GSM2173292,6
GSM2173293,6
GSM2173294,6
GSM2173295,6
GSM2173296,6
GSM2173297,6
GSM2173298,6
GSM2173299,6
GSM2173300,6
GSM2173301,6
GSM2173302,6
GSM2173303,6
GSM2173304,6
GSM2173305,6
GSM2173306,6
GSM2173307,6
GSM2173308,6
GSM2173309,6
GSM2173310,6
GSM2173311,6
GSM2173312,6
GSM2173313,6
GSM2173314,6
GSM2173315,6
GSM2173316,6
GSM2173317,6
GSM2173318,6
GSM2173319,6
GSM2173320,6
GSM2173321,6
GSM2173322,6
GSM2173323,6
GSM2173324,6
GSM2173325,6
GSM2173326,6
GSM2173327,6
GSM2173328,6
GSM2173329,6
GSM2173330,6
GSM2173331,44
GSM2173332,44
GSM2173333,44
GSM2173334,44
GSM2173335,44
GSM2173336,5
GSM2173337,44
GSM2173338,44
GSM2173339,5
GSM2173340,44
GSM2173341,5
GSM2173342,44
GSM2173343,44
GSM2173344,44
GSM2173345,44
GSM2173346,44
GSM2173347,44
GSM2173348,44
GSM2173349,44
GSM2173350,44
GSM2173351,44
GSM2173352,44
GSM2173353,44
GSM2173354,44
GSM2173355,44
GSM2173356,5
GSM2173357,5
GSM2173358,5
GSM2173359,44
GSM2173360,5
GSM2173361,44
GSM2173362,44
GSM2173363,44
GSM2173364,44
GSM2173365,44
GSM2173366,44
GSM2173367,44
GSM2173368,44
GSM2173369,44
GSM2173370,5
GSM2173371,5
GSM2173372,44
GSM2173373,5
GSM2173374,44
GSM2173375,44
GSM2173376,44
GSM2173377,44
GSM2173378,44
GSM2173379,5
GSM2173380,44
GSM2173381,44
GSM2173382,44
GSM2173383,5
GSM2173384,44
GSM2173385,44
GSM2173386,44
GSM2173387,5
GSM2173388,44
GSM2173389,44
GSM2173390,44
GSM2173391,44
GSM2173392,44
GSM2173393,44
GSM2173394,5
GSM2173395,5
GSM2173396,5
GSM2173397,5
GSM2173398,44
GSM2173399,5
GSM2173400,44
GSM2173401,5
GSM2173402,44
GSM2173403,5
GSM2173404,44
GSM2173405,44
GSM2173406,5
GSM2173407,5
GSM2173408,44
GSM2173409,44
GSM2173410,44
GSM2173411,44
GSM2173412,44
GSM2173413,44
GSM2173414,44
GSM2173415,44
GSM2173416,44
GSM2173417,44
GSM2173418,44
GSM2173419,44
GSM2173420,44
GSM2173421,44
GSM2173422,5
GSM2173423,5
GSM2173424,44
GSM2173425,44
GSM2173426,44
GSM2173427,44
GSM2173428,44
GSM2173429,44
GSM2173430,44
GSM2173431,44
GSM2173432,44
GSM2173433,5
GSM2173434,44
GSM2173435,5
GSM2173436,44
GSM2173437,44
GSM2173438,44
GSM2173439,5
GSM2173440,44
GSM2173441,44
GSM2173442,44
GSM2173443,5
GSM2173444,44
GSM2173445,44
GSM2173446,44
GSM2173447,5
GSM2173448,5
GSM2173449,44
GSM2173450,44
GSM2173451,5
GSM2173452,44
GSM2173453,44
GSM2173454,5
GSM2173455,44
GSM2173456,5
GSM2173457,5
GSM2173458,44
GSM2173459,44
GSM2173460,5
GSM2173461,44
GSM2173462,44
GSM2173463,5
GSM2173464,44
GSM2173465,44
GSM2173466,44
GSM2173467,44
GSM2173468,44
GSM2173469,44
GSM2173470,5
GSM2173471,44
GSM2173472,44
GSM2173473,44
GSM2173474,44
GSM2173475,44
GSM2173476,44
GSM2173477,5
GSM2173478,5
GSM2173479,44
GSM2173480,44
GSM2173481,44
GSM2173482,44
GSM2173483,44
GSM2173484,5
GSM2173485,44
GSM2173486,44
GSM2173487,44
GSM2173488,44
GSM2173489,44
GSM2173490,44
GSM2173491,44
GSM2173492,44
GSM2173493,44
GSM2173494,5
GSM2173495,44
GSM2173496,44
GSM2173497,44
GSM2173498,44
GSM2173499,44
GSM2173500,44
GSM2173501,44
GSM2173502,44
GSM2173503,44
GSM2173504,5
GSM2173505,44
GSM2173506,44
GSM2173507,5
GSM2173508,44
GSM2173509,5
GSM2173510,44
GSM2173511,44
GSM2173513,44
GSM2173515,5
GSM2173516,44
GSM2173517,44
GSM2173518,44
GSM2173519,44
GSM2173520,5
GSM2173521,5
GSM2173522,44
GSM2173523,5
GSM2173524,5
GSM2173525,5
GSM2173526,5
GSM2173527,5
GSM2173528,5
GSM2173529,5
GSM2173530,5
GSM2173531,5
GSM2173532,5
GSM2173533,5
GSM2173534,5
GSM2173535,5
GSM2173536,5
GSM2173537,5
GSM2173538,5
GSM2173539,5
GSM2173540,5
GSM2173541,5
GSM2173542,5
GSM2173543,5
GSM2173544,5
GSM2173545,5
GSM2173546,5
GSM2173547,5
GSM2173548,5
GSM2173549,5
GSM2173550,5
GSM2173551,5
GSM2173552,5
GSM2173553,5
GSM2173554,5
GSM2173555,5
GSM2173556,5
GSM2173557,5
GSM2173558,5
GSM2173559,5
GSM2173560,5
GSM2173561,5
GSM2173562,5
GSM2173563,5
GSM2173564,5
GSM2173565,5
GSM2173566,5
GSM2173567,5
GSM2173568,5
GSM2173569,5
GSM2173570,5
GSM2173571,5
GSM2173572,5
GSM2173573,5
GSM2173574,5
GSM2173575,5
GSM2173576,5
GSM2173577,5
GSM2173578,5
GSM2173579,5
GSM2173580,5
GSM2173581,5
GSM2173582,5
GSM2173583,5
GSM2173584,5
GSM2173585,5
GSM2173586,5
GSM2173587,5
GSM2173588,5
GSM2173589,5
GSM2173590,5
GSM2173591,5
GSM2173592,5
GSM2173593,5
GSM2173594,5
GSM2173595,5
GSM2173596,5
GSM2173597,5
GSM2173598,5
GSM2173599,5
GSM2173600,5
GSM2173601,5
GSM2173602,5
GSM2173603,5
GSM2173604,5
GSM2173605,5
GSM2173606,5
GSM2173607,5
GSM2173608,5
GSM2173609,5
GSM2173610,5
GSM2173611,5
GSM2173612,5
GSM2173613,5
GSM2173614,5
GSM2173615,5
GSM2173616,5
GSM2173617,5
GSM2173618,5
GSM2173619,5
GSM2173620,5
GSM2173621,5
GSM2173622,5
GSM2173623,5
GSM2173624,5
GSM2173625,5
GSM2173626,5
GSM2173627,5
GSM2173628,5
GSM2173629,5
GSM2173630,5
GSM2173631,5
GSM2173632,5
GSM2173633,5
GSM2173634,5
GSM2173635,5
GSM2173636,5
GSM2173637,5
GSM2173638,5
GSM2173639,5
GSM2173640,5
GSM2173641,5
GSM2173642,5
GSM2173643,5
GSM2173644,5
GSM2173645,5
GSM2173646,5
GSM2173647,5
GSM2173648,5
GSM2173649,5
GSM2173650,5
GSM2173651,5
GSM2173652,5
GSM2173653,5
GSM2173654,5
GSM2173655,5
GSM2173656,5
GSM2173657,5
GSM2173658,5
GSM2173659,5
GSM2173660,5
GSM2173661,5
GSM2173662,5
GSM2173663,5
GSM2173664,5
GSM2173665,5
GSM2173666,5
GSM2173667,5
GSM2173668,5
GSM2173669,5
GSM2173670,5
GSM2173671,5
GSM2173672,5
GSM2173673,5
GSM2173674,5
GSM2173675,5
GSM2173676,5
GSM2173677,5
GSM2173678,5
GSM2173679,5
GSM2173680,5
GSM2173681,5
GSM2173682,5
GSM2173683,5
GSM2173684,5
GSM2173685,5
GSM2173686,5
GSM2173687,5
GSM2173688,5
GSM2173689,5
GSM2173690,5
GSM2173691,5
GSM2173692,5
GSM2173693,5
GSM2173694,5
GSM2173695,5
GSM2173696,5
GSM2173697,5
GSM2173698,5
GSM2173699,5
GSM2173700,5
GSM2173701,5
GSM2173702,5
GSM2173703,5
GSM2173704,1
GSM2173705,1
GSM2173706,1
GSM2173707,1
GSM2173708,1
GSM2173709,1
GSM2173710,1
GSM2173711,1
GSM2173712,1
GSM2173713,1
GSM2173714,1
GSM2173715,1
GSM2173716,1
GSM2173717,1
GSM2173718,1
GSM2173719,1
GSM2173720,1
GSM2173721,1
GSM2173722,1
GSM2173723,1
GSM2173724,1
GSM2173725,1
GSM2173726,1
GSM2173727,1
GSM2173728,1
GSM2173729,1
GSM2173730,1
GSM2173731,1
GSM2173732,1
GSM2173733,1
GSM2173734,1
GSM2173735,1
GSM2173736,1
GSM2173737,1
GSM2173738,1
GSM2173739,1
GSM2173740,1
GSM2173741,1
GSM2173742,1
GSM2173743,1
GSM2173744,1
GSM2173745,1
GSM2173746,1
GSM2173747,1
GSM2173748,1
GSM2173749,1
GSM2173750,1
GSM2173751,1
GSM2173752,1
GSM2173753,1
GSM2173754,1
GSM2173755,1
GSM2173756,1
GSM2173757,1
GSM2173758,1
GSM2173759,1
GSM2173760,1
GSM2173761,1
GSM2173762,1
GSM2173763,1
GSM2173764,1
GSM2173765,1
GSM2173766,1
GSM2173767,1
GSM2173768,1
GSM2173769,1
GSM2173770,1
GSM2173771,1
GSM2173772,1
GSM2173773,1
GSM2173774,1
GSM2173775,1
GSM2173776,1
GSM2173777,1
GSM2173778,1
GSM2173779,1
GSM2173780,1
GSM2173781,1
GSM2173782,1
GSM2173783,1
GSM2173784,1
GSM2173785,1
GSM2173786,1
GSM2173787,1
GSM2173788,1
GSM2173789,1
GSM2173790,1
GSM2173791,1
GSM2173792,1
GSM2173793,1
GSM2173794,1
GSM2173795,1
GSM2173796,1
GSM2173797,1
GSM2173798,1
GSM2173799,1
GSM2173800,1
GSM2173801,1
GSM2173802,1
GSM2173803,1
GSM2173804,1
GSM2173805,1
GSM2173806,1
GSM2173807,1
GSM2173808,1
GSM2173809,1
GSM2173810,1
GSM2173811,1
GSM2173812,1
GSM2173813,1
GSM2173814,1
GSM2173815,1
GSM2173816,1
GSM2173817,1
GSM2173818,1
GSM2173819,1
GSM2173820,1
GSM2173821,1
GSM2173822,1
GSM2173823,1
GSM2173824,1
GSM2173825,1
GSM2173826,1
GSM2173827,1
GSM2173828,1
GSM2173829,1
GSM2173830,1
GSM2173831,1
GSM2173832,1
GSM2173833,1
GSM2173834,1
GSM2173835,1
GSM2173836,1
GSM2173837,1
GSM2173838,1
GSM2173839,1
GSM2173840,1
GSM2173841,1
GSM2173842,1
GSM2173843,1
GSM2173844,1
GSM2173845,1
GSM2173846,1
GSM2173847,1
GSM2173848,1
GSM2173849,1
GSM2173850,1
GSM2173851,1
GSM2173852,1
GSM2173853,1
GSM2173854,1
GSM2173855,1
GSM2173856,1
GSM2173857,1
GSM2173858,1
GSM2173859,1
GSM2173860,1
GSM2173861,1
GSM2173862,1
GSM2173863,1
GSM2173864,1
GSM2173865,1
GSM2173866,1
GSM2173867,1
GSM2173868,54
GSM2173869,54
GSM2173870,54
GSM2173871,54
GSM2173872,54
GSM2173873,54
GSM2173874,54
GSM2173875,54
GSM2173876,54
GSM2173877,54
GSM2173878,54
GSM2173879,54
GSM2173880,54
GSM2173881,54
GSM2173882,54
GSM2173883,54
GSM2173884,54
GSM2173885,54
GSM2173886,54
GSM2173887,54
GSM2173888,54
GSM2173889,54
GSM2173890,54
GSM2173891,54
GSM2173892,54
GSM2173893,54
GSM2173894,54
GSM2173895,54
GSM2173896,54
GSM2173897,54
GSM2173898,54
GSM2173899,54
GSM2173900,54
GSM2173901,54
GSM2173902,54
GSM2173903,54
GSM2173904,54
GSM2173905,54
GSM2173906,54
GSM2173907,54
GSM2173908,54
GSM2173909,54
GSM2173910,54
GSM2173911,54
GSM2173912,54
GSM2173913,54
GSM2173914,54
GSM2173915,54
GSM2173916,54
GSM2173917,54
GSM2173918,54
GSM2173919,54
GSM2173920,54
GSM2173921,54
GSM2173922,54
GSM2173923,54
GSM2173924,54
GSM2173925,54
GSM2173926,54
GSM2173927,54
GSM2173928,54
GSM2173929,54
GSM2173930,54
GSM2173931,54
GSM2173932,54
GSM2173933,54
GSM2173934,54
GSM2173935,54
GSM2173936,54
GSM2173937,54
GSM2173938,54
GSM2173939,54
GSM2173940,54
GSM2173941,54
GSM2173942,54
GSM2173943,54
GSM2173944,54
GSM2173945,54
GSM2173946,54
GSM2173947,54
GSM2173948,54
GSM2173949,54
GSM2173950,54
GSM2173951,54
GSM2173952,54
GSM2173953,54
GSM2173954,54
GSM2173955,54
GSM2173956,54
GSM2173957,54
GSM2173958,54
GSM2173959,54
GSM2173960,54
GSM2173961,54
GSM2173962,54
GSM2173963,54
GSM2173964,54
GSM2173965,54
GSM2173966,54
GSM2173967,54
GSM2173968,54
GSM2173969,54
GSM2173970,54
GSM2173971,54
GSM2173972,54
GSM2173973,54
GSM2173974,54
GSM2173975,54
GSM2173976,54
GSM2173977,54
GSM2173978,54
GSM2173979,54
GSM2173980,54
GSM2173981,54
GSM2173982,54
GSM2173983,54
GSM2173984,54
GSM2173985,54
GSM2173986,54
GSM2173987,54
GSM2173988,54
GSM2173989,54
GSM2173990,54
GSM2173991,54
GSM2173992,54
GSM2173993,54
GSM2173994,54
GSM2173995,54
GSM2173996,54
GSM2173997,54
GSM2173998,54
GSM2173999,54
GSM2174000,54
GSM2174001,54
GSM2174002,54
GSM2174003,54
GSM2174004,54
GSM2174005,54
GSM2174006,54
GSM2174007,54
GSM2174008,54
GSM2174009,54
GSM2174010,54
GSM2174011,54
GSM2174012,54
GSM2174013,54
GSM2174014,54
GSM2174015,54
GSM2174016,54
GSM2174017,54
GSM2174018,54
GSM2174019,54
GSM2174020,54
GSM2174021,54
GSM2174022,54
GSM2174023,54
GSM2174024,54
GSM2174025,54
GSM2174026,54
GSM2174027,54
GSM2174028,54
GSM2174029,54
GSM2174030,54
GSM2174031,54
GSM2174032,54
GSM2174033,54
GSM2174034,54
GSM2174035,54
GSM2174036,54
GSM2174037,54
GSM2174038,54
GSM2174039,54
GSM2174040,54
GSM2174041,54
GSM2174042,54
GSM2174043,54
GSM2174044,54
GSM2174045,54
GSM2174046,54
GSM2174047,54
GSM2174048,54
GSM2174049,54
GSM2174050,54
GSM2174051,54
GSM2174052,54
GSM2174053,54
GSM2174054,54
GSM2174055,54
GSM2174056,54
GSM2174057,54
GSM2174058,54
GSM2174059,54
GSM2174060,54
GSM2174061,54
GSM2174062,54
GSM2174063,54
GSM2174064,54
GSM2174065,54
GSM2174066,54
GSM2174067,54
GSM2174068,54
GSM2174069,54
GSM2174070,54
GSM2174071,54
GSM2174072,54
GSM2174073,54
GSM2174074,54
GSM2174075,54
GSM2174076,54
GSM2174077,54
GSM2174078,54
GSM2174079,54
GSM2174080,54
GSM2174081,54
GSM2174082,54
GSM2174083,54
GSM2174084,54
GSM2174085,54
GSM2174086,54
GSM2174087,54
GSM2174088,54
GSM2174089,54
GSM2174090,54
GSM2174091,54
GSM2174092,54
GSM2174093,54
GSM2174094,54
GSM2174095,54
GSM2174096,54
GSM2174097,54
GSM2174098,54
GSM2174099,54
GSM2174100,54
GSM2174101,54
GSM2174102,54
GSM2174103,54
GSM2174104,54
GSM2174105,54
GSM2174106,54
GSM2174107,54
GSM2174108,54
GSM2174109,54
GSM2174110,54
GSM2174111,54
GSM2174112,54
GSM2174113,54
GSM2174114,54
GSM2174115,54
GSM2174116,54
GSM2174117,54
GSM2174118,54
GSM2174119,54
GSM2174120,54
GSM2174121,54
GSM2174122,54
GSM2174123,54
GSM2174124,54
GSM2174125,54
GSM2174126,54
GSM2174127,54
GSM2174128,54
GSM2174129,54
GSM2174130,54
GSM2174131,54
GSM2174132,54
GSM2174133,54
GSM2174134,54
GSM2174135,54
GSM2174136,54
GSM2174137,54
GSM2174138,54
GSM2174139,54
GSM2174140,22
GSM2174141,22
GSM2174142,22
GSM2174143,22
GSM2174144,22
GSM2174145,22
GSM2174146,22
GSM2174147,22
GSM2174148,22
GSM2174149,22
GSM2174150,22
GSM2174151,22
GSM2174152,22
GSM2174153,22
GSM2174154,22
GSM2174155,22
GSM2174156,22
GSM2174157,22
GSM2174158,22
GSM2174159,22
GSM2174160,22
GSM2174161,22
GSM2174162,22
GSM2174163,22
GSM2174164,22
GSM2174165,22
GSM2174166,22
GSM2174167,22
GSM2174168,22
GSM2174169,22
GSM2174170,22
GSM2174171,22
GSM2174172,22
GSM2174173,22
GSM2174174,22
GSM2174175,22
GSM2174176,22
GSM2174177,22
GSM2174178,22
GSM2174179,22
GSM2174180,22
GSM2174181,22
GSM2174182,22
GSM2174183,22
GSM2174184,22
GSM2174185,22
GSM2174186,22
GSM2174187,22
GSM2174188,22
GSM2174189,22
GSM2174190,22
GSM2174191,22
GSM2174192,22
GSM2174193,22
GSM2174194,22
GSM2174195,22
GSM2174196,22
GSM2174197,22
GSM2174198,22
GSM2174199,22
GSM2174200,22
GSM2174201,22
GSM2174202,22
GSM2174203,22
GSM2174204,22
GSM2174205,22
GSM2174206,22
GSM2174207,22
GSM2174208,22
GSM2174209,22
GSM2174210,22
GSM2174211,22
GSM2174212,22
GSM2174213,22
GSM2174214,22
GSM2174215,22
GSM2174216,22
GSM2174217,22
GSM2174218,22
GSM2174219,22
GSM2174220,22
GSM2174221,22
GSM2174222,22
GSM2174223,22
GSM2174224,22
GSM2174225,22
GSM2174226,22
GSM2174227,22
GSM2174228,22
GSM2174229,22
GSM2174230,22
GSM2174231,22
GSM2174232,22
GSM2174233,22
GSM2174234,22
GSM2174235,22
GSM2174236,22
GSM2174237,22
GSM2174238,22
GSM2174239,22
GSM2174240,22
GSM2174241,22
GSM2174242,22
GSM2174243,22
GSM2174244,22
GSM2174245,22
GSM2174246,22
GSM2174247,22
GSM2174248,22
GSM2174249,22
GSM2174250,22
GSM2174251,22
GSM2174252,22
GSM2174253,22
GSM2174254,22
GSM2174255,22
GSM2174256,22
GSM2174257,22
GSM2174258,22
GSM2174259,22
GSM2174260,22
GSM2174261,22
GSM2174262,22
GSM2174263,22
GSM2174264,22
GSM2174265,22
GSM2174266,22
GSM2174267,22
GSM2174268,22
GSM2174269,22
GSM2174270,22
GSM2174271,22
GSM2174272,22
GSM2174273,22
GSM2174274,22
GSM2174275,22
GSM2174276,22
GSM2174277,22
GSM2174278,22
GSM2174279,22
GSM2174280,22
GSM2174281,22
GSM2174282,22
GSM2174283,22
GSM2174284,22
GSM2174285,22
GSM2174286,22
GSM2174287,22
GSM2174288,22
GSM2174289,22
GSM2174290,22
GSM2174291,22
GSM2174292,22
GSM2174293,22
GSM2174294,22
GSM2174295,22
GSM2174296,22
GSM2174297,22
GSM2174298,22
GSM2174299,22
GSM2174300,22
GSM2174301,22
GSM2174302,22
GSM2174303,22
GSM2174304,22
GSM2174305,22
GSM2174306,22
GSM2174307,22
GSM2174308,22
GSM2174309,22
GSM2174310,22
GSM2174311,22
GSM2174312,22
GSM2174313,22
GSM2174314,22
GSM2174315,22
GSM2174316,22
GSM2174317,22
GSM2174318,22
GSM2174319,22
GSM2174320,22
GSM2174321,22
GSM2174322,22
GSM2174323,22
GSM2174324,22
GSM2174325,22
GSM2174326,22
GSM2174327,22
GSM2174328,22
GSM2174329,22
GSM2174330,22
GSM2174331,22
GSM2174332,22
GSM2174333,22
GSM2174334,22
GSM2174335,22
GSM2174336,22
GSM2174337,22
GSM2174338,22
GSM2174339,22
GSM2174340,22
GSM2174341,22
GSM2174342,22
GSM2174343,22
GSM2174344,22
GSM2174345,22
GSM2174346,22
GSM2174347,22
GSM2174348,22
GSM2174349,22
GSM2174350,22
GSM2174351,22
GSM2174352,22
GSM2174353,22
GSM2174354,22
GSM2174355,22
GSM2174356,22
GSM2174357,22
GSM2174358,22
GSM2174359,22
GSM2174360,22
GSM2174361,22
GSM2174362,22
GSM2174363,22
GSM2174364,22
GSM2174365,22
GSM2174366,22
GSM2174367,22
GSM2174368,22
GSM2174369,22
GSM2174370,22
GSM2174371,22
GSM2174372,22
GSM2174373,22
GSM2174374,22
GSM2174375,22
GSM2174376,22
GSM2174377,22
GSM2174378,22
GSM2174379,22
GSM2174380,22
GSM2174381,22
GSM2174382,22
GSM2174383,22
GSM2174384,22
GSM2174385,22
GSM2174386,22
GSM2174387,22
GSM2174388,22
GSM2174389,22
GSM2174390,22
GSM2174391,22
GSM2174392,22
GSM2174393,22
GSM2174394,22
GSM2174395,22
GSM2174396,22
GSM2174397,22
GSM2174398,22
GSM2174399,22
GSM2174400,22
GSM2174401,22
GSM2174402,22
GSM2174403,22
GSM2174404,22
GSM2174405,22
GSM2174406,22
GSM2174407,22
GSM2174408,22
GSM2174409,22
GSM2174410,22
GSM2174411,22
GSM2174412,22
GSM2174413,22
GSM2174414,22
GSM2174415,22
GSM2174416,22
GSM2174417,22
GSM2174418,22
GSM2174419,22
GSM2174420,22
GSM2174421,22
GSM2174422,22
GSM2174423,22
GSM2174424,22
GSM2174425,22
